Municipio,Codigo,Gentilico,Prefeito2021,AreaTerritorialKm2,PopulacaoPessoas,DensidadeDemograficaHabKm2,Escolarizacao6a14Anos2010,IDHM2010,MortalidadeInfantilNascidosVivos,ReceitasRealizadas×1000_2023,DespesasEmpenhadas×1000,PIBperCapita2021
Abaiara,2300101.0,abaiarense,AFONSO TAVARES LEITE,180.833,10038.0,55.51,96.7,0.628,6.71,59768531.11,54988291.19,9859.67
Acarape,2300150.0,acarapense,FRANCISCO EDILBERTO BESERRA BARROSO,130.002,14027.0,107.9,96.8,0.606,10.87,71665247.15,69187520.62,11888.66
Acaraú,2300200.0,acarauense,ANA FLÁVIA RIBEIRO MONTEIRO,842.471,65264.0,77.47,96.8,0.601,2.06,315118554.1,292378502.3,16051.99
Acopiara,2300309.0,acopiarense,ANTÔNIO ALMEIDA NETO,2254.279,44962.0,19.95,97.2,0.595,11.56,190923127.6,182118463.6,10322.74
Aiuaba,2300408.0,aiuabense,RAMILSON ARAUJO MORAES,2438.563,14076.0,5.77,97.5,0.569,18.4,83290889.96,74991714.42,8621.26
Alcântaras,2300507.0,alcantarense,JOAQUIM FREIRE CARVALHO,135.76,11369.0,83.74,97.7,0.6,-,61226904.05,58671506.67,8289.87
Altaneira,2300606.0,altaneirense,FRANCISCO DARIOMAR RODRIGUES SOARES,72.675,6782.0,93.32,95.7,0.602,16.67,51295134.13,49420451.79,9680.24
Alto Santo,2300705.0,alto-santense,JOSE JOENI HOLANDA DE ARAUJO,1147.208,14155.0,12.34,96.5,0.601,5.62,88684025.22,76914498.27,14447.21
Amontada,2300754.0,amontadense,FLAVIO CESAR BRUNO TEIXEIRA FILHO,1175.044,42156.0,35.88,97.0,0.606,9.12,216663029.7,214760946.3,15057.63
Antonina do Norte,2300804.0,antonino ou antoninense,ANTONIO ROSENO FILHO,259.706,7245.0,27.9,95.7,0.599,-,48518444.83,41450344.7,10666.5
Apuiarés,2300903.0,apuiareense,IRIS MARIA CRUZ DE LIMA,543.98,12928.0,23.77,98.6,0.618,14.39,63217066.72,60303265.43,8206.35
Aquiraz,2301000.0,aquirazense,BRUNO BARROS GONÇALVES,480.236,80645.0,167.93,96.5,0.641,13.1,474620527.4,481073826.2,47245.19
Aracati,2301109.0,aracatiense,BISMARCK COSTA LIMA PINHEIRO MAIA,1227.197,75113.0,61.21,98.5,0.655,12.7,356146820.3,348682108.3,22637.56
Aracoiaba,2301208.0,aracoiabense,THIAGO CAMPELO NOGUEIRA,643.988,25553.0,39.68,96.5,0.615,13.29,154393497.7,151436787.0,10015.85
Ararendá,2301257.0,ararendaense,ALEXANDRE FELIX DUTRA,342.301,11096.0,32.42,98.9,0.59,19.61,74501593.65,67591117.75,9722.66
Araripe,2301307.0,araripense,CICERO FERREIRA DA SILVA,1097.339,19783.0,18.03,96.3,0.564,10.07,113855495.0,110072870.3,9581.32
Aratuba,2301406.0,aratubano,JOERLY RODRIGUES VICTOR,119.758,11224.0,93.72,97.0,0.622,27.78,71961433.53,65150241.98,12896.07
Arneiroz,2301505.0,arneirozense,ANTÔNIO MONTEIRO PEDROSA FILHO,1068.437,7429.0,6.95,97.6,0.618,-,43490555.85,39141383.41,8947.96
Assaré,2301604.0,assareense,JOSE LIBORIO LEITE NETO,1155.124,21697.0,18.78,96.6,0.6,7.72,127001198.3,116445961.2,10080.26
Aurora,2301703.0,aurorense,MARCONE TAVARES DE LUNA,885.87,23714.0,26.77,97.9,0.605,16.61,93646799.29,91139591.43,8824.53
Baixio,2301802.0,baixiense,JOSÉ HUMBERTO MOURA RAMALHO,145.556,5704.0,39.19,97.9,0.627,-,38992650.64,35647734.56,10690.19
Banabuiú,2301851.0,banabuiense,FRANCISCO HERMES NOBRE,1080.986,17195.0,15.91,98.0,0.606,4.93,106404075.8,97609183.9,14199.25
Barbalha,2301901.0,barbalhense,GUILHERME SAMPAIO SARAIVA,608.158,75033.0,123.38,98.3,0.683,12.6,467607661.7,431137277.8,21815.78
Barreira,2301950.0,barreirense,MARIA AUXILIADORA BEZERRA FECHINE,260.003,22392.0,86.12,97.8,0.616,7.55,100875197.5,93054083.13,10566.4
Barro,2302008.0,barrense,JOSÉ MARQUINÉLIO TAVARES,711.346,19381.0,27.25,97.1,0.599,19.32,78913510.19,74158389.01,10599.42
Barroquinha,2302057.0,barroquinhense,JAIME VERAS SILVA FILHO,385.583,14567.0,37.78,97.9,0.571,4.78,79538798.31,72036894.74,8848.31
Baturité,2302107.0,baturiteense,HERBERLH FREITAS REIS CAVALCANTE MOTA,314.075,35218.0,112.13,95.9,0.619,13.51,173038242.6,165306745.4,12408.24
Beberibe,2302206.0,beberibense,MICHELE CARIELLO DE SÁ QUEIROZ ROCHA,1596.751,53114.0,33.26,98.2,0.638,15.82,226860613.1,232876490.3,19497.48
Bela Cruz,2302305.0,bela-cruzense,JOSE OTACILIO DE MORAIS NETO,842.106,32775.0,38.92,98.9,0.623,11.24,121269558.7,113898778.5,9809.26
Boa Viagem,2302404.0,boa-viagense,JOSE CARNEIRO DANTAS FILHO,2835.037,50411.0,17.78,97.6,0.598,10.62,307842133.3,280709815.6,9861.34
Brejo Santo,2302503.0,brejo-santense,MARIA GISLAINE SANTANA SAMPAIO LANDIM,654.658,51090.0,78.04,92.5,0.647,9.93,291536146.5,298891017.3,16277.2
Camocim,2302602.0,camocimense,MARIA ELIZABETE MAGALHAES,1120.452,62326.0,55.63,97.8,0.62,11.19,248331971.4,230080369.8,13087.13
Campos Sales,2302701.0,campos-salense,JOÃO LUIZ LIMA SANTOS,1082.582,25135.0,23.22,98.3,0.63,8.2,105241967.8,102899460.4,10626.15
Canindé,2302800.0,canindeense,MARIA DO ROSÁRIO ARAÚJO PEDROSA XIMENES,3032.39,74174.0,24.46,97.5,0.612,6.88,352471914.8,355881171.4,11761.86
Capistrano,2302909.0,capistranense,ANTONIO SOARES SARAIVA JUNIOR,226.549,17254.0,76.16,96.3,0.611,17.09,86469972.68,92830476.26,9916.38
Caridade,2303006.0,caridadense,MARIA SIMONE FERNANDES TAVARES,926.271,16377.0,17.68,97.3,0.592,15.38,111754604.0,112907234.8,8090.43
Cariré,2303105.0,carireense,ANTONIO RUFINO MARTINS,755.597,17632.0,23.34,97.9,0.596,4.81,113508015.1,106397120.3,10455.04
Caririaçu,2303204.0,caririaçuense,JOSÉ EDMILSON LEITE BARBOSA,634.179,26320.0,41.5,96.1,0.578,7.83,134850572.6,116035022.0,9372.28
Cariús,2303303.0,cariuense,ANTONIO WILAMAR PALACIO DE OLIVEIRA,1036.417,17015.0,16.42,97.1,0.597,-,89177762.83,78326500.04,9678.31
Carnaubal,2303402.0,carnaubalense,JOSE WELITON SOUZA LEITE,363.22,17210.0,47.38,97.1,0.593,12.61,88170891.25,83565633.1,9388.72
Cascavel,2303501.0,cascavelense,TIAGO LUTIANI OLIVEIRA RIBEIRO,838.115,72720.0,86.77,96.7,0.646,14.64,331518637.0,321502458.4,14777.0
Catarina,2303600.0,catarinense,THIAGO PAES DE ANDRADE RODRIGUES,488.153,10243.0,20.98,94.3,0.618,15.75,69477458.24,60869565.55,7324.19
Catunda,2303659.0,catundense,RAVENNA FERNANDES GOMES MESQUITA LIMA,784.022,10444.0,13.32,98.7,0.609,20,67472151.88,63034197.04,10766.7
Caucaia,2303709.0,caucaiense,VITOR PEREIRA VALIM,1223.246,355679.0,290.77,96.3,0.682,11.48,1398090524.0,1455076434.0,28229.51
Cedro,2303808.0,cedrense,JOÃO BATISTA DINIZ,729.97,22344.0,30.61,97.5,0.627,26.52,103360315.5,100610200.4,9656.59
Chaval,2303907.0,chavalense,SEBASTIÃO SOTERO VERAS,237.248,12462.0,52.53,97.4,0.586,13.25,63723402.2,58179532.11,8413.49
Choró,2303931.0,choroense,MARCONDES DE HOLANDA JUCÁ,815.268,12113.0,14.86,97.2,0.585,20.41,79643630.16,72941007.32,13153.2
Chorozinho,2303956.0,chorozinhense,FRANCISCO DE CASTRO MENEZES JÚNIOR,296.431,20163.0,68.02,97.4,0.604,31.58,120349351.1,116820814.2,12830.19
Coreaú,2304004.0,coreauense,JOSE EDEZIO VAZ DE SOUZA,750.332,20953.0,27.92,97.5,0.61,7.52,120570448.9,110257014.2,9643.95
Crateús,2304103.0,crateuense,MARCELO FERREIRA MACHADO,2981.459,76390.0,25.62,97.5,0.644,10.8,317400053.3,322404143.8,12661.3
Crato,2304202.0,cratense,JOSÉ AILTON DE SOUSA BRASIL,1138.15,131050.0,115.14,97.8,0.713,15.92,555840172.2,550785013.8,13976.14
Croatá,2304236.0,croataense,RONILSON FRANCISCO DE OLIVEIRA,696.348,17481.0,25.1,97.4,0.59,14.29,104754008.4,95994832.8,12331.0
Cruz,2304251.0,cruzense,JOÃO MUNIZ SOBRINHO,335.921,29761.0,88.6,98.5,0.632,18.26,156113493.6,144454268.1,14834.67
Deputado Irapuan Pinheiro,2304269.0,irapuense,FRANCISCO GILDECARLOS PINHEIRO,471.134,8932.0,18.96,99.3,0.609,-,57505144.94,50576094.93,10402.46
Ereré,2304277.0,erereense,FRANCISCO OTONI DE QUEIROZ MOURA,362.906,6474.0,17.84,98.0,0.61,-,42094100.14,43209276.6,11123.49
Eusébio,2304285.0,eusebiano,ACILON GONÇALVES PINTO JUNIOR,78.818,74170.0,941.03,98.3,0.701,7.26,622870587.9,625526353.9,65008.58
Farias Brito,2304301.0,farias-britense,FRANCISCO AUSTRAGEZIO SALES,530.54,18217.0,34.34,99.3,0.633,46.15,101013369.2,95284667.9,10462.89
Forquilha,2304350.0,forquilhense,EDINARDO RODRIGUES FILHO,568.778,24173.0,42.5,96.4,0.644,-,115705676.8,106892602.2,12356.43
Fortaleza,2304400.0,fortalezense,JOSÉ SARTO NOGUEIRA MOREIRA,312.353,2428708.0,7775.52,96.1,0.754,11.73,12673913825.0,12288331897.0,27164.45
Fortim,2304459.0,fortinense,NASELMO DE SOUSA FERREIRA,285.024,17294.0,60.68,97.5,0.624,18.69,102287350.5,98020878.77,18625.44
Frecheirinha,2304509.0,frecheirinhense,HELTON LUIS AGUIAR JUNIOR,210.284,15657.0,74.46,97.8,0.604,8.62,88314692.44,80823985.78,19437.91
General Sampaio,2304608.0,sampaiense,FRANCISCO CORDEIRO MOREIRA,230.371,6734.0,29.23,96.2,0.568,31.25,57059712.43,54497151.06,11196.45
Graça,2304657.0,gracense,MARIA IRALDICE DE ALCÂNTARA,258.942,13801.0,53.3,99.1,0.57,6.85,83152733.1,80291681.55,8998.32
Granja,2304707.0,granjense,JULIANA FROTA LOPES DE ALDIGUERI ARRUDA,2663.174,53344.0,20.03,94.7,0.559,11.08,266622515.7,248340714.4,8508.38
Granjeiro,2304806.0,granjeirense,FRANCISCO CLEMENTINO DE ALMEIDA,111.528,4841.0,43.41,98.8,0.585,-,42570249.58,39213742.45,10730.92
Groaíras,2304905.0,groairense,ADAIL ALBUQUERQUE MELO,155.681,10910.0,70.08,97.9,0.633,-,70162292.44,58126867.91,9872.09
Guaiúba,2304954.0,guaiubano,IZABELLA MARIA FERNANDES DA SILVA,256.053,24325.0,95.0,94.2,0.617,11.63,111652508.0,102364025.4,8751.83
Guaraciaba do Norte,2305001.0,guaraciabense,ANTONIO ADAIL MACHADO CASTRO,624.606,42053.0,67.33,97.7,0.609,8.42,185589111.5,192139693.4,16353.68
Guaramiranga,2305100.0,guaramiranguense,ROBERLANDIA FERREIRA CASTELO BRANCO,90.817,5654.0,62.26,97.6,0.637,13.51,55132640.03,45056689.78,15847.79
Hidrolândia,2305209.0,hidrolandense,IRES MOURA OLIVEIRA,926.592,17855.0,19.27,98.0,0.597,17.32,80131315.78,72691493.23,9193.31
Horizonte,2305233.0,horizontino,MANOEL GOMES DE FARIAS NETO,160.557,74755.0,465.6,97.1,0.658,13.35,437392229.1,405216013.6,30381.03
Ibaretama,2305266.0,ibaretamense,ELIRIA MARIA FREITAS DE QUEIROZ,879.255,11956.0,13.6,95.4,0.577,12.12,67272937.29,63141237.87,9881.62
Ibiapina,2305308.0,ibiapinense,MARCOS ANTONIO DA SILVA LIMA,414.092,23965.0,57.87,98.5,0.608,5.21,121491923.4,114932142.5,13850.18
Ibicuitinga,2305332.0,ibicuitinguense,FRANCISCO JOSÉ MAGALHÃES CARNEIRO,423.856,11611.0,27.39,97.9,0.606,8.77,89464410.6,78757277.77,9815.44
Icapuí,2305357.0,icapuiense,RAIMUNDO LACERDA FILHO,421.44,21433.0,50.86,96.8,0.616,19.9,140570820.8,142325875.9,20364.73
Icó,2305407.0,icoense,ANA LAÍS PEIXOTO CORREIA NUNES,1865.862,62642.0,33.57,96.7,0.606,13.72,278334036.5,263440082.3,10797.31
Iguatu,2305506.0,iguatuense,EDNALDO DE LAVOR COURAS,992.208,98064.0,98.83,96.8,0.677,11.12,441099828.8,416921562.1,18380.39
Independência,2305605.0,independenciano,JOSE VALDI COUTINHO,3222.381,24024.0,7.46,97.6,0.632,23.73,101250414.1,99229212.81,11712.06
Ipaporanga,2305654.0,ipaporanguense,ANTONIO AMARO PEREIRA OLIVEIRA,704.773,11575.0,16.42,97.2,0.579,22.56,65002441.51,61217869.97,9841.12
Ipaumirim,2305704.0,ipaumirinense,WILSON ALVES DE FREITAS,276.508,12083.0,43.7,96.7,0.606,25,59362381.56,55879363.77,11469.63
Ipu,2305803.0,ipuense,ROBERIO WAGNER MARTINS MOREIRA,626.049,41081.0,65.62,97.3,0.618,12.87,200779083.0,186753937.3,12333.79
Ipueiras,2305902.0,ipueirense,FRANCISCO SOUTO DE VASCONCELOS JÚNIOR,1483.258,36798.0,24.81,98.1,0.573,8.85,167866879.5,166746313.2,8620.09
Iracema,2306009.0,iracemense,CELSO GOMES DA SILVA NETO,839.174,14001.0,16.68,98.0,0.652,7.41,78137298.38,74945235.82,13607.57
Irauçuba,2306108.0,irauçubense,PATRÍCIA MARIA SANTOS BARRETO,1466.412,23915.0,16.31,95.2,0.605,6.06,136756771.0,116877682.8,9009.98
Itaiçaba,2306207.0,itaiçabense,FRANK GOMES FREITAS,213.604,7536.0,35.28,99.5,0.656,14.71,43255779.26,41472823.68,10482.61
Itaitinga,2306256.0,Itaitinguense,PAULO CESAR FEITOSA ARRAIS,153.686,64650.0,420.66,91.4,0.626,10.2,281428167.1,264092827.4,32560.63
Itapajé,2306306.0,itapajeense,MARIA GORETE BARROSO MAGALHAES CAETANO,432.188,46426.0,107.42,97.1,0.623,17.92,205110765.6,215552442.2,11124.48
Itapipoca,2306405.0,itapipoquense,FELIPE SOUZA PINHEIRO,1600.358,131123.0,81.93,97.9,0.64,8.8,698085995.2,637146326.9,13547.33
Itapiúna,2306504.0,itapiunense,FRANCISCO DÁRIO DE OLIVEIRA COELHO,593.231,17841.0,30.07,95.3,0.604,21.98,91449241.3,91730204.93,8246.45
Itarema,2306553.0,itaremense,ELIZEU CHARLES MONTEIRO,714.833,42957.0,60.09,96.6,0.606,11.08,244170338.5,190636495.9,18001.79
Itatira,2306603.0,itatirense,JOSÉ FERREIRA MATEUS,829.626,20424.0,24.62,97.6,0.562,16.19,149709334.0,141064658.1,7903.96
Jaguaretama,2306702.0,jaguaretamense,FRANCISCO GLAIRTON RABELO CUNHA,1826.826,17232.0,9.43,96.7,0.612,-,106991917.2,98906313.46,12498.97
Jaguaribara,2306801.0,jaguaribarense,JOACY ALVES DOS SANTOS JUNIOR,622.963,10356.0,16.62,97.4,0.618,8.2,74383604.63,68263926.3,13298.99
Jaguaribe,2306900.0,jaguaribano,ALEXANDRE GOMES DIOGENES,1877.062,33726.0,17.97,96.4,0.621,13.62,206180658.7,192677003.2,16222.68
Jaguaruana,2307007.0,jaguaruanense,JOSE ELIAS DE OLIVEIRA,854.362,31701.0,37.1,98.4,0.624,9.87,140913845.9,152144578.1,16694.97
Jardim,2307106.0,jardinense,ANIZIARIO JORGE COSTA,544.98,27411.0,50.3,98.4,0.614,19.89,114595490.6,113310101.0,10819.64
Jati,2307205.0,jatiense,MONICA ROSANY PEREIRA MARIANO,368.359,7861.0,21.34,98.1,0.651,-,46701543.84,44354529.15,15917.63
Jijoca de Jericoacoara,2307254.0,jijoquense,LINDBERGH MARTINS,209.029,25555.0,122.26,98.8,0.652,5.09,183857097.8,168753894.6,27106.16
Juazeiro do Norte,2307304.0,juazeirense,GLÊDSON LIMA BEZERRA,258.788,286120.0,1105.62,97.3,0.694,12.11,976313944.5,913803631.2,18381.08
Jucás,2307403.0,jucaense,JOSE EDSONRIVA SOUZA CUNHA,940.336,23922.0,25.44,97.5,0.598,6.73,129279391.1,119305089.5,12801.05
Lavras da Mangabeira,2307502.0,lavrense ou lavraense,RONALDO PEDROSA LIMA,945.263,30802.0,32.59,97.2,0.613,6.97,124375825.7,120857518.2,10906.84
Limoeiro do Norte,2307601.0,limoeirense,JOSÉ MARIA DE OLIVEIRA LUCENA,744.525,59560.0,80.0,98.0,0.682,28.65,241056891.9,237193643.3,23631.38
Madalena,2307635.0,madalenense,MARIA SÔNIA DE OLIVEIRA COSTA,997.781,16896.0,16.93,98.3,0.61,16.85,94578780.38,89876779.05,8728.0
Maracanaú,2307650.0,maracanauense,ROBERTO SOARES PESSOA,105.071,234509.0,2231.91,97.4,0.686,8.2,1380361383.0,1380756309.0,53410.24
Maranguape,2307700.0,maranguapense,ATILA CORDEIRO CAMARA,583.505,105093.0,180.11,94.9,0.659,7.57,399756588.2,399359052.4,12527.08
Marco,2307809.0,marquense,ROGER NEVES AGUIAR,573.61,25799.0,44.98,97.4,0.612,7.55,141656471.6,136184612.2,14052.51
Martinópole,2307908.0,martinolopolitano ou martinolopense,FRANCISCO EDIBERTO DE SOUZA,303.445,10846.0,35.74,97.8,0.599,5.26,69922008.62,63508931.73,8444.53
Massapê,2308005.0,massapeense,ALINE AGUIAR ALBUQUERQUE,567.78,37697.0,66.39,98.3,0.616,11.67,172814083.4,165308655.1,9626.56
Mauriti,2308104.0,mauritiense,ISAAC GOMES DA SILVA JUNIOR,1079.011,45561.0,42.22,98.1,0.605,15.04,189850547.8,177902895.1,10698.7
Meruoca,2308203.0,meruoquense,JOSÉ HERTON ALVES DE SOUSA,151.651,15157.0,99.95,97.8,0.618,5.75,89332707.21,82963953.67,8445.56
Milagres,2308302.0,milagrense,CÍCERO ALVES DE FIGUEIREDO,579.097,25900.0,44.72,96.2,0.628,8.5,127610012.7,107147705.0,10477.64
Milhã,2308351.0,milhaense,LUIZ ALAN PINHEIRO MACÊDO,502.137,14123.0,28.13,97.5,0.626,-,79597032.69,71797596.31,14874.7
Miraíma,2308377.0,miraimense,ANTONIO EDNARDO BRAGA LIMA FILHO,708.678,14196.0,20.03,98.6,0.592,-,70279402.12,64788002.58,8062.95
Missão Velha,2308401.0,missãovelhense,LUIZ ROSEMBERG DANTAS MACÊDO FILHO,613.317,36822.0,60.04,96.8,0.622,3.54,148483348.3,138350096.4,14506.46
Mombaça,2308500.0,mombacense,ORLANDO BENEVIDES CAVALCANTE FILHO,2115.748,37735.0,17.84,96.4,0.582,13.95,181894412.7,163624014.2,10174.82
Monsenhor Tabosa,2308609.0,taboense,FRANCISCO SALOMÃO DE ARAÚJO SOUSA,892.538,17149.0,19.21,99.2,0.61,10.58,110826486.3,100034320.5,9308.34
Morada Nova,2308708.0,morada-novense,JOSÉ VANDERLEY NOGUEIRA,2763.971,61443.0,22.23,97.6,0.61,8.75,271904432.4,289597841.3,20731.68
Moraújo,2308807.0,moraujense,CARLOS ÁQUILA CUNHA DE QUEIROZ,414.446,8254.0,19.92,97.4,0.581,17.54,49355921.98,43846309.21,8555.95
Morrinhos,2308906.0,morrinhense,JERONIMO NETO BRANDÃO,411.586,22753.0,55.28,95.1,0.588,9.09,97571599.71,101785036.2,8462.73
Mucambo,2309003.0,mucambense,FRANCISCO DAS CHAGAS PARENTE AGUIAR,192.19,13666.0,71.11,98.6,0.607,5.38,82028663.62,85857453.06,9016.67
Mulungu,2309102.0,mulunguense,ROBERT VIANA LEITÃO,97.951,10569.0,107.9,96.9,0.607,8.62,59584845.28,53058519.63,11197.64
Nova Olinda,2309201.0,nova-olindense,ÍTALO BRITO ALENCAR ALVES,282.584,15399.0,54.49,97.3,0.625,8.85,85304063.17,74271492.86,10341.85
Nova Russas,2309300.0,nova-russano,GIORDANNA SILVA BRAGA MANO,736.911,30699.0,41.66,98.0,0.614,5.92,201398812.4,179147893.7,10371.24
Novo Oriente,2309409.0,novorientense,JESUINO RODRIGUES DE SAMPAIO NETO,947.44,27545.0,29.07,97.9,0.605,9.62,178948964.7,169606312.4,9854.38
Ocara,2309458.0,ocarense,AMALIA LOPES DE SOUSA,763.075,24493.0,32.1,98.2,0.594,36.73,119041248.5,106529485.7,10972.95
Orós,2309508.0,oroense,JOSÉ RUBENS LIMA VERDE,577.526,19675.0,34.07,97.4,0.636,9.01,100547347.6,93997787.82,10256.74
Pacajus,2309607.0,pacajuense,BRUNO PEREIRA FIGUEIREDO,250.304,70983.0,283.59,98.2,0.659,6.75,271337890.1,270191909.3,18349.45
Pacatuba,2309706.0,pacatubano,CARLOMANO GOMES MARQUES,133.236,81524.0,611.88,94.6,0.675,14.3,294691906.8,303541538.0,14421.49
Pacoti,2309805.0,pacotiense,MARCOS VENICIOS NORJOSA GONZAGA,112.433,11186.0,99.49,96.5,0.635,8.13,67652712.28,64231695.21,12049.56
Pacujá,2309904.0,pacujaense,RAIMUNDO RODRIGUES DE SOUSA FILHO,88.355,6175.0,69.89,98.5,0.621,-,52624329.52,50932536.17,9130.3
Palhano,2310001.0,palhanense,IVANILDO NUNES DA SILVA,436.98,9346.0,21.39,98.1,0.638,20.41,51130882.97,49120236.09,10443.35
Palmácia,2310100.0,palmaciano,DAVID CAMPOS MARTINS,128.896,10242.0,79.46,91.7,0.622,12.2,62495019.02,58743549.67,8494.35
Paracuru,2310209.0,paracuruense,WEMBLEY GOMES COSTA,304.734,38980.0,127.91,97.2,0.637,16.67,169499750.7,167980418.0,15648.56
Paraipaba,2310258.0,paraipabense,ARIANA CORDEIRO FAÇANHA DE AQUINO,289.231,32216.0,111.39,97.8,0.634,8.91,184231233.2,164347573.4,16102.82
Parambu,2310308.0,parambuense,ROMULO MATEUS NORONHA,2313.868,31445.0,13.59,96.6,0.57,13.45,158282562.5,132405931.4,9196.54
Paramoti,2310407.0,paramotiense,ANTONIA TELVÂNIA FERREIRA BRAZ,539.238,10384.0,19.26,98.7,0.583,8.26,57232127.86,54231833.84,9034.57
Pedra Branca,2310506.0,pedra-branquense,MATHEUS PEREIRA MENDES,1302.081,40187.0,30.86,98.1,0.603,17.33,188919397.3,173548783.0,8992.69
Penaforte,2310605.0,penafortense,RAFAEL FERREIRA ANGELO,150.536,8972.0,59.6,96.7,0.646,7.63,50105031.12,48521161.97,13268.38
Pentecoste,2310704.0,pentecostense,JOÃO BOSCO PESSOA TABOSA,1379.836,37813.0,27.4,97.3,0.629,13.76,172534928.8,148486099.2,12741.76
Pereiro,2310803.0,pereirense,RAIMUNDO ESTEVAM NETO,435.868,15274.0,35.04,97.9,0.601,22.47,98518865.08,80276028.74,34273.12
Pindoretama,2310852.0,pindoretamense,JOSÉ MARIA MENDES LEITE,74.033,23391.0,315.95,97.6,0.636,3.72,105261129.1,108094816.0,13110.66
Piquet Carneiro,2310902.0,piquet-carneirense,BISMARCK BARROS BEZERRA,589.601,16616.0,28.18,96.0,0.6,27.59,87581370.82,84347169.0,9418.47
Pires Ferreira,2310951.0,pires-ferreirense,LÍVIA MARIA MESQUITA MORORO MUNIZ MARQUES,244.464,10606.0,43.38,96.8,0.591,9.09,55804044.57,52301272.01,7621.25
Poranga,2311009.0,poranguense,CARLOS ANTONIO RODRIGUES PEREIRA,1310.771,12065.0,9.2,98.8,0.581,15.87,66869889.98,65041369.19,8852.69
Porteiras,2311108.0,porteirense,FABIO PINHEIRO CARDOSO,224.86,17050.0,75.82,97.6,0.622,11.54,90837627.22,89100004.75,12491.62
Potengi,2311207.0,potengiense,FRANCISCO EDSON VERIATO DA SILVA,343.264,8833.0,25.73,92.7,0.562,9.71,47605580.63,45551532.26,9903.27
Potiretama,2311231.0,potiretamense,LUAN DANTAS FELIX,409.137,5974.0,14.6,98.0,0.604,25.64,49537743.3,45579690.5,14998.54
Quiterianópolis,2311264.0,quiterianopolense,FRANCISCA PRISCILLA DUARTE DE FIGUEIREDO,1041.832,20213.0,19.4,98.5,0.594,13.1,151641468.4,136656907.9,8694.35
Quixadá,2311306.0,quixadaense,RICARDO JOSÉ ARAÚJO SILVEIRA,2020.586,84168.0,41.66,95.8,0.659,12.38,344064928.9,356881197.6,12484.6
Quixelô,2311355.0,quixeloense,JOSE ADIL VIEIRA JUNIOR,605.345,15910.0,26.28,97.8,0.591,16.95,97221452.61,89876879.88,12336.81
Quixeramobim,2311405.0,quixeramobinense,CIRILO ANTÔNIO PIMENTA LIMA,3324.987,82177.0,24.71,96.7,0.642,17.38,345917798.0,373020912.6,17008.8
Quixeré,2311504.0,quixereense,ANTÔNIO JOAQUIM GONÇALVES DE OLIVEIRA,613.099,20874.0,34.05,97.5,0.622,7.52,111481580.3,104317720.7,28397.62
Redenção,2311603.0,redencionista,DAVID SANTA CRUZ BENEVIDES,247.989,27214.0,109.74,98.1,0.626,16.71,138299718.6,146733848.2,14018.29
Reriutaba,2311702.0,reriutabense,PEDRO HUMBERTO COELHO MARQUES,372.949,18606.0,49.89,96.7,0.601,13.27,98902637.66,90191920.38,10433.27
Russas,2311801.0,russano,SÁVIO GURGEL NOGUEIRA,1611.091,72928.0,45.27,97.2,0.674,9.91,322448638.9,329736546.9,14563.46
Saboeiro,2311900.0,saboeirense,MARCONDES HERBSTER FERRAZ,1381.274,13854.0,10.03,97.1,0.575,-,77005575.33,70701775.59,10779.74
Salitre,2311959.0,salitrense,DORGIVAL PEREIRA FILHO,806.253,16633.0,20.63,97.3,0.54,15.92,87840144.33,82705965.87,9529.97
Santana do Acaraú,2312007.0,santanense-do-acaraú,FRANCISCO DAS CHAGAS MENDES,972.573,30628.0,31.49,95.4,0.587,13.59,119878692.3,118116567.4,8525.54
Santana do Cariri,2312106.0,santanense-do-cariri,SAMUEL CIDADE WERTON,855.165,16954.0,19.83,97.9,0.612,8.7,85168059.63,87244682.36,8985.52
Santa Quitéria,2312205.0,quiteriense,JOSÉ BRAGA BARROZO,4262.293,40183.0,9.43,97.6,0.616,8.83,186800790.1,170673792.3,14495.07
São Benedito,2312304.0,beneditense,SAUL LIMA MACIEL,350.847,47640.0,135.79,98.1,0.611,11.8,198286227.8,184435790.2,12970.59
São Gonçalo do Amarante,2312403.0,gonçalense,MARCELO FERREIRA TELES,842.635,54143.0,64.25,98.1,0.665,7.24,630691922.7,530290426.9,175103.17
São João do Jaguaribe,2312502.0,jaguaribense,RAIMUNDO CESAR MORAIS MAIA,279.451,5855.0,20.95,99.2,0.654,55.56,40645982.97,37363153.66,14277.9
São Luís do Curu,2312601.0,curuense,FRANCISCO CIPRIANO DE ALMEIDA,122.865,10822.0,88.08,95.4,0.62,27.03,51783886.98,47304682.88,10171.88
Senador Pompeu,2312700.0,pompeuense,ANTÔNIO MAURÍCIO PINHEIRO JUCÁ,956.882,24266.0,25.36,96.4,0.619,7.52,113346378.9,107156616.8,13859.14
Senador Sá,2312809.0,senadorsaense,JOSE MARTINS BARROS JUNIOR,424.642,7262.0,17.1,98.2,0.603,-,53144987.82,48778750.17,8090.43
Sobral,2312908.0,sobralense,IVO FERREIRA GOMES,2068.474,203023.0,98.15,97.9,0.714,14.05,1193613886.0,1207607747.0,25396.38
Solonópole,2313005.0,solonopolense,ANA VLADIA NOGUEIRA PINHEIRO JUCÁ,1535.855,18179.0,11.84,98.6,0.625,11.83,134053434.7,117844359.7,16492.67
Tabuleiro do Norte,2313104.0,tabuleirense,RILDSON RABELO VASCONCELOS,1047.637,30652.0,29.26,97.4,0.645,25.56,129280488.7,117663816.6,14046.37
Tamboril,2313203.0,tamborilense,LUIZ MARCELO MOTA LEITE,2014.543,24815.0,12.32,97.1,0.58,20.35,141922121.1,122183242.8,10773.18
Tarrafas,2313252.0,tarrafense,TERTULIANO CANDIDO MARTINS DE ARAUJO,412.719,7529.0,18.24,96.8,0.576,12.82,42358029.33,39967381.84,10015.43
Tauá,2313302.0,tauaense,PATRÍCIA PEQUENO COSTA GOMES DE AGUIAR,4010.618,61227.0,15.27,97.7,0.633,14.16,426678400.0,389606807.1,12012.28
Tejuçuoca,2313351.0,tejuçuoquense,JOSE ANTUNIZIO DE BRITO,758.707,17154.0,22.61,98.3,0.584,4.46,118160184.9,110738009.7,7006.68
Tianguá,2313401.0,tianguaense,LUIZ MENEZES DE LIMA,909.853,81506.0,89.58,98.0,0.657,12.53,369604561.8,353465695.6,22470.08
Trairi,2313500.0,trairiense,CARLOS GUSTAVO MONTEIRO MOREIRA,928.725,58415.0,62.9,98.1,0.606,12.18,256908426.5,239286455.6,19683.75
Tururu,2313559.0,tururuense,FRANCISCA HILZETE MALVEIRA BATISTA,201.27,15412.0,76.57,96.2,0.606,24.1,72333510.86,67434629.54,8324.01
Ubajara,2313609.0,ubajarense,RENÊ DE ALMEIDA VASCONCELOS,423.673,32767.0,77.34,98.7,0.648,8.73,165361110.7,162533807.2,18190.85
Umari,2313708.0,umariense,ALEX SANDRO RUFINO FERREIRA,263.183,6871.0,26.11,96.5,0.591,-,41881185.88,39364314.94,8971.66
Umirim,2313757.0,umiriense,FELIPE CARLOS UCHÔA SALES RIBEIRO,315.648,17470.0,55.35,95.6,0.587,12.2,83712966.14,80722686.1,8650.25
Uruburetama,2313807.0,uruburetamense,FRANCISCO ALDIR CHAVES DA SILVA,99.4,20189.0,203.11,95.9,0.639,12.86,105758531.7,97605837.22,13475.87
Uruoca,2313906.0,uruoquense,JAN KENNEDY PAIVA AQUINO,697.683,13746.0,19.7,97.7,0.566,5.78,98768102.62,86895204.48,21318.78
Varjota,2313955.0,varjotense,FRANCISCO ELMO BEZERRA MONTE,179.239,18105.0,101.01,96.6,0.611,3.86,116191277.3,106605630.6,20292.61
Várzea Alegre,2314003.0,varzea-alegrense,JOSÉ HELDER MÁXIMO DE CARVALHO,829.976,38984.0,46.97,97.0,0.629,12.38,162255520.0,159354027.2,11395.42
Viçosa do Ceará,2314102.0,viçosense,FRANCISCO JOÃO CARDOSO FILHO,1310.91,59712.0,45.55,96.9,0.571,9.22,267190391.3,233750295.5,9744.18
